{
    "coords.x": 672.0,
    "coords.y": 642.0,
    "scale.x": 1.0,
    "scale.y": 1.0,
    "type": 1
}{
    "coords.x": 627.0,
    "coords.y": 293.0,
    "scale.x": 1.5896062850952148,
    "scale.y": 1.4266666173934937,
    "type": 2
}{
    "coords.x": 524.0,
    "coords.y": 284.0,
    "scale.x": 1.0,
    "scale.y": 1.0,
    "type": 3
}{
    "coords.x": 509.0,
    "coords.y": 461.0,
    "scale.x": 0.647460401058197,
    "scale.y": 0.720588207244873,
    "type": 4
}